{
  "project_info": {
    "project_number": "98449150070",
    "firebase_url": "https://iot-order-notify.firebaseio.com",
    "project_id": "iot-order-notify",
    "storage_bucket": "iot-order-notify.appspot.com"
  },
  "client": [
    {
      "client_info": {
        "mobilesdk_app_id": "1:98449150070:android:b3b835dce93563a0c04f57",
        "android_client_info": {
          "package_name": "com.harishram.iot_order_notify"
        }
      },
      "oauth_client": [
        {
          "client_id": "98449150070-a9gt3bnl6600udj015s62n9k5h9447c7.apps.googleusercontent.com",
          "client_type": 3
        }
      ],
      "api_key": [
        {
          "current_key": "AIzaSyAruMWmcrBCoL39vOgjfzhgfIj2fT0rw2c"
        }
      ],
      "services": {
        "appinvite_service": {
          "other_platform_oauth_client": [
            {
              "client_id": "98449150070-a9gt3bnl6600udj015s62n9k5h9447c7.apps.googleusercontent.com",
              "client_type": 3
            }
          ]
        }
      }
    }
  ],
  "configuration_version": "1"
}